ID,First Name,Last Name,Age,City
1,First1,Last1,21,City1
2,First2,Last2,22,City2
3,First3,Last3,23,City3
4,First4,Last4,24,City4
5,First5,Last5,25,City5
6,First6,Last6,26,City6
7,First7,Last7,27,City7
8,First8,Last8,28,City8
9,First9,Last9,29,City9
10,First10,Last10,30,City0
11,First11,Last11,31,City1
12,First12,Last12,32,City2
13,First13,Last13,33,City3
14,First14,Last14,34,City4
15,First15,Last15,35,City5
16,First16,Last16,36,City6
17,First17,Last17,37,City7
18,First18,Last18,38,City8
19,First19,Last19,39,City9
20,First20,Last20,40,City0
21,First21,Last21,41,City1
22,First22,Last22,42,City2
23,First23,Last23,43,City3
24,First24,Last24,44,City4
25,First25,Last25,45,City5
26,First26,Last26,46,City6
27,First27,Last27,47,City7
28,First28,Last28,48,City8
29,First29,Last29,49,City9
30,First30,Last30,20,City0
31,First31,Last31,21,City1
32,First32,Last32,22,City2
33,First33,Last33,23,City3
34,First34,Last34,24,City4
35,First35,Last35,25,City5
36,First36,Last36,26,City6
37,First37,Last37,27,City7
38,First38,Last38,28,City8
39,First39,Last39,29,City9
40,First40,Last40,30,City0
41,First41,Last41,31,City1
42,First42,Last42,32,City2
43,First43,Last43,33,City3
44,First44,Last44,34,City4
45,First45,Last45,35,City5
46,First46,Last46,36,City6
47,First47,Last47,37,City7
48,First48,Last48,38,City8
49,First49,Last49,39,City9
50,First50,Last50,40,City0
