ID,ORGN,DSTN
1,BELLVILLE,DURBANVILLE
2,BELLVILLE,NYANGA
3,BELLVILLE,KHAYELITSHA
4,BELLVILLE,MOWBRAY
5,GUGULETU,CLAREMONT
6,GUGULETU,SEA POINT
7,KHAYELITSHA,WYNBERG
8,MITCHELLS PLAIN - TOWN CENTRE,WYNBERG
9,LANGA,CAPE TOWN
10,LANGA,SEA POINT
11,LANGA,MOWBRAY
12,NYANGA,WYNBERG
13,NYANGA,CLAREMONT
14,NYANGA,ATHLONE
15,NYANGA,MOWBRAY
16,NYANGA,CAPE TOWN
17,WYNBERG,KHAYELITSHA
18,WYNBERG,CONSTANTIA
19,WYNBERG,CAPE TOWN
20,BONTEHEUWEL,MOWBRAY
21,CAPE TOWN,HOUT BAY
22,HEIDEVELD,MOWBRAY
23,HEIDEVELD,CAPE TOWN
24,OCEAN VIEW,FISH HOEK
25,WYNBERG,HOUTBAY
26,MOWBRAY,MANENBERG
27,KHAYELITSHA,MOWBRAY
28,NYANGA,PAROW
29,ELSIES RIVER,NYANGA
30,PAROW,NYANGA
31,BONTEHEUWEL,CAPE TOWN
32,KHAYELITSHA,LANGA
33,MITCHELLS PLAIN 3RD/7TH AVENUE,HANOVER PARK
34,CAPE TOWN,HEIDEVELD
35,MFULENI,BLACKHEATH
36,HANOVER PARK,CLAREMONT
37,BELLVILLE,MAKHAZA KHAYELITSHA
38,BELLVILLE,WALLACEDENE
39,LWANDLE,SOMERSET WEST
40,LWANDLE,KHAYELITSHA
41,THE HAGUE DELFT,MITCHELLS PLAIN
42,VOORBRUG DELFT,MITCHELLS PLAIN
43,THE HAGUE DELFT,PAROW
44,PAROW,UITSIG
45,VOORBRUG DELFT,PAROW
46,THE HAGUE DELFT,BELLVILLE
47,EINDHOVEN DELFT,CAPE TOWN
48,EINDHOVEN DELFT,PAROW
49,EINDHOVEN DELFT,ELSIES RIVER
50,VOORBRUG,ELSIES RIVER
51,UNIBELL,BELLVILLE
52,PAROW SANLAM CENTRE,VOORBRUG DELFT
53,LOTUS RIVER,WYNBERG
54,MELTON ROSE,ELSIES RIVER
55,GRASSY PARK,WYNBERG
56,GRASSY PARK,MITCHELLS PLAIN
57,HANOVER PARK,RETREAT
58,HANOVER PARK,CAPE TOWN (VIA KROMBOOM)
59,HANOVER PARK,ATHLONE
60,KHAYELITSHA,PAROW
61,PAROW STATION,BELHAR DELFT
62,PAROW STATION,NORWOOD
63,PAROW STATION,ELSIES RIVER
64,PAROW STATION,RAVENSMEAD
65,KHAYELITSHA,PAROW
66,MELTON ROSE,BELLVILLE
67,MITCHELLS PLAIN,NORTHWOOD
68,HAZELDENE,SPINE RD MITCHELLS PLAIN
69,MITCHELLS PLAIN,TAFELSIG
70,SAXONWOLD,ATLANTIS
71,SOMERSET WEST,VIA MUSICA MACASSAR
72,SOMERSET WEST,VIA ALBATROS MACASSAR
73,SOMERSET WEST,KRAMAT
74,SOMERSET WEST,GORDONS BAY
75,N1 CITY,ELSIES RIVER
76,VASCO VIA N1 CITY,ELSIES RIVER
77,N1 CITY,MITCHELLS PLAIN
78,WYNBERG,HANOVER PARK
79,HANOVER PARK,CAPE TOWN (VIA MOWBRAY)
80,HANOVER PARK,CAPE TOWN (VIA SETTLERS WAY)
81,KLIPHEUWEL,BELLVILLE
82,KENSINGTON,CAPE TOWN
83,KENSINGTON,VASCO
84,KENSINGTON,MUTUAL STATION
85,MITCHELLS PLAIN,LENTEGEUR STATION
86,PAROW,PANORAMA
87,VREDEHOEK,CAPE TOWN
88,MITCHELLS PLAIN,NEW LENTEGEUR
89,MITCHELLS PLAIN,NEW LENTEGEUR (VIA HENGELAAR)
90,MITCHELLS PLAIN,MONTROSE PARK
91,GRASSY PARK,WYNBERG
92,GRASSY PARK,WYNBERG
93,MELTON ROSE,DELFT
94,MITCHELLS PLAIN,CAPE TOWN
95,ELSIES RIVER,NETREG
96,CAPE TOWN,WYNBERG
97,CAPE TOWN,HOUT BAY (VIA HIGH LEVEL RD)
98,CAPE TOWN,HOUT BAY (VIA MAIN RD)
99,CAPE TOWN,HOUT BAY (VIA KLOOF RD)
100,CAPE TOWN,HOUT BAY (VIA WESTERN BLVD)
101,SEA POINT,NYANGA
102,PELLA,MALMESBURY
103,PELLA,DARLING
104,PELLA,ATLANTIS
105,GRASSY PARK,VIA PLUMSTEAD - WYNBERG
106,GRASSY PARK,VIA VICTORIA RD - WYNBERG
107,VOORBRUG DELFT,BELLVILLE
108,MITCHELLS PLAIN,VIA MOWBRAY - CAPE TOWN
109,MITCHELLS PLAIN,VIA MERRYDALE - CAPE TOWN
110,MITCHELLS PLAIN,VIA BELGRAVIA - CAPE TOWN
111,MITCHELLS PLAIN,GROOTTE SCHUUR HOSPITAL
112,BELLVILLE,BELLVILLE SOUTH
113,BELLVILLE,EERSTE RIVER
114,BELLVILLE,TYGERBERG HOSPITAL
115,BELLVILLE,KARL BREMMER HOSPITAL
116,BELLVILLE,CAPE TOWN
117,VOORBRUG DELFT,CAPE TOWN
118,MELTON ROSE,EERSTE RIVER
119,FALSE BAY,GRASSY PARK
120,MUTUAL STATION,RICHWOOD
121,CAPE TOWN,SOMERSET HOSPITAL
122,KHAYELITSHA,CLAREMONT
123,KHAYELITSHA,BELLVILLE
124,EINDHOVEN DELFT,BELLVILLE
125,THE HAGUE DELFT,CAPE TOWN
126,MANDALAY,3RD /7TH AVE MITCHELLS PLAIN
127,BONTEHEUWEL,ATHLONE
128,ATLANTIS,MELKBOSSTRAND
129,ATLANTIS,DARLING
130,ATLANTIS VIA REYGERSDAL,FABRIEKS AREA ATLANTIS
131,ATLANTIS VIA HOOP SINGEL,FABRIEKS AREA ATLANTIS
132,ATLANTIS,WESFLEUR
133,KOEBERG STATION,FRANKDALE
134,KOEBERG STATION,SANDDRIFT
135,KOEBERG STATION,MONTAGUE GARDENS
136,KOEBERG STATION,MILNERTON
137,KOEBERG STATION,CAMBRIDGE
138,LENTEGEUR STATION,TOWN CENTRE MITCHELLS PLAIN
139,NORTHWOOD,LENTEGEUR STATION
140,PARKWOOD,VIA LIME RD -WYNBERH
141,PARKWOOD,VIA BLACKBIRD WLK - WYNBERG
142,PARKWOOD,VIA KESTREL RD - WYNBERG
143,PARKWOOD,VIA PLANTATION RD - WYNBERG
144,PARKWOOD,VIA WALMER RD - WYNBERG
145,PARKWOOD,SOUTHFIELD
146,LANGA,ATHLONE
147,NYANGA,NYANGA STATION
148,CROSS ROADS,WYNBERG
149,KHAYELITSHA,ELSIES RIVER
150,THE HAGUE DELFT,ELSIES RIVER
151,KOEBERG STATION,MITCHELLS PLAIN
152,BONTEHEUWEL,SILVERTOWN
153,TABLE VIEW,KOEBERG STATION
154,MITCHELLS PLAIN,LONDON VILLAGE
155,UNIBELL,BELLVILLE STATION
156,RED CROSS HOSPITAL,ELSIES RIVER
157,NYANGA,SEA POINT
158,WALLACEDENE,BELLVILLE
159,BRACKENFELL,BLOEKOMBOS (VIA WALLACEDENE)
160,BELLVILLE,EVERSDAL
161,EIKENFONTEIN,WALLACEDENE
162,MACASSAR,SOMERSET WEST (VIA MADALABOS)
163,MACASSAR,SOMERSET WEST (VIA ZANDVLIET RD)
164,MACASSAR,SOMERSET WEST (VIA DE BEERS)
165,MACASSAR,FIRGROVE (VIA R102)
166,MACASSAR,SOMERSET WEST (VIA FIRGROVE)
167,MACASSAR,SOMERSET WEST (VIA R102)
168,MACASSAR,SOMERSET WEST
169,MACASSAR,BLACKHEATH
170,MACASSAR,EERSTE RIVER
171,FIRGROVE,SOMERSET WEST (VIA
172,FIRGROVE,MACASSAR
173,FIRGROVE,EERSTE RIVER
174,HANOVER PARK,LANSDOWNE
175,MACASSAR,SOMERSET WEST (VIA STEYNSRUS)
176,V & A WATERFRONT, CAPE TOWN CAPTOUR
177,V & A WATERFRONT,CAPE TOWN INTERSITE
178,V & A WATERFRONT,CAPE TOWN OLD MARINE RD
179,V & A WATERFRONT,CABLE WAY STATION
180,V & A WATERFRONT,CAPE TOWN INTERNATIONAL AIRPORT
181,ATLANTIS,DUINEFONTEIN MELKBOS STRAND
182,ATLANTIS,DARLING
183,ATLANTIS,FABRIEKS AREA ATLANTIS
184,ATLANTIS,SAXON SEA ATLANTIS
185,ATLANTIS,MALMESBURY
186,MAMRE,FABRIEKS AREA ATLANTIS
187,MAMRE,FABRIEKS AREA ATLANTIS (VIA ATLANTIS)
188,MAMRE,DARLING
189,MAMRE,CAPE TOWN (VIA KILLARNEY)
190,CAPE TOWN,HEIDEVELD
191,HEIDEVELD,MOWBRAY
192,CAPE TOWN,CAMPS BAY (VIA HIGH LEVEL RD)
193,CAPE TOWN,CAMPS BAY (VIA MAIN RD)
194,CAPE TOWN,CAMPS BAY (VIA KLOOF RD)
195,CAPE TOWN,CAMPS BAY (VIA WESTERN BLVD)
196,RETREAT,GRASSY PARK
197,RETREAT,RETREAT
198,GRASSY PARK,WYNBERG
199,MANENBERG,CLAREMONT
200,MANENBERG,MOWBRAY
201,MANENBERG,CAPE TOWN
202,HOUT BAY,WYNBERG
203,CAPE TOWN,GARDENS
204,CAPE TOWN,ORANJEZICHT
205,CAPE TOWN,CABLE WAY STATION
206,GRASSY PARK,HANOVER PARK
207,KHAYELITSHA,SEA POINT
208,KHAYELITSHA,SEA POINT
209,KHAYELITSHA,SEA POINT
210,MITCHELLS PLAIN,WYNBERG
211,TYGERBERG HOSPITAL,ELSIES RIVER
212,TYGERBERG HOSPITAL,PAROW
213,TYGERBERG HOSPITAL,TYGERBERG RAILWAY STATION
214,TYGERBERG HOSPITAL,BELLVILLE
215,TYGERBERG HOSPITAL,ELSIES RIVER
216,TYGERBERG HOSPITAL,DELFT
217,CAPE TOWN,WYNBERG (VIA M3)
218,BELHAR,BELLVILLE
219,GRASSY PARK,MITCHELLS PLAIN
220,HAZELDENE,ROCKLANDS
221,HAZELDENE,WESTRIDGE
222,HAZELDENE,WESTGATE MALL
223,HAZELDENE,WESTGATE MALL (VIA SILVERSANDS)
224,HAZELDENE,WESTGATE MALL (VIA KAPTEINSKLIP)
225,HAZELDENE,WESTGATE PALMS
226,HAZELDENE,N1 CITY
227,RETREAT,RETREAT STATION
228,BELLVILLE,CAPE TOWN (VIA N1 CITY)
229,STEENBERG,WESTLAKE
230,STEENBERG,TOKAI
231,MITCHELLS PLAIN,CAPE TOWN
232,MITCHELLS PLAIN,CAPE TOWN
233,MITCHELLS PLAIN,CAPE TOWN
234,MITCHELLS PLAIN,CAPE TOWN
235,MITCHELLS PLAIN,LOST CITY
236,MITCHELLS PLAIN,LOST CITY
237,MITCHELLS PLAIN,TAFELSIG
238,MITCHELLS PLAIN,TAFELSIG
239,GROOTTE SCHUUR HOSPITAL,CAPE TOWN
240,GROOTTE SCHUUR HOSPITAL,WYNBERG
241,GROOTTE SCHUUR HOSPITAL,MITCHELLS PLAIN
242,ATLANTIS,MELKBOS STRAND
243,ATLANTIS,FABRIEKS AREA ATLANTIS
244,ATLANTIS,FABRIEKS AREA ATLANTIS
245,ATLANTIS,WESFLEUR
246,SOMERSET WEST,LOURENSFORD(SOMERSET WEST)
247,SOMERSET WEST,DRAMA STREET(SOMERSET WEST)
248,SOMERSET WEST,UPPER MOUNTAIN STREET(SOMERSET WEST)
249,SOMERSET WEST,RUE MOUNT PELLAR(SOMERSET WEST)
250,SOMERSET WEST,KRAMAT WAY(MACASSAR)
251,SOMERSET WEST,LINK AVENUE WAY(MACASSAR)
252,SOMERSET WEST,STRAND
253,SOMERSET WEST,SIR LOWRYS PASS TOWN
254,SOMERSET WEST,RIVERTON STREET(SOMERSET WEST)
255,SOMERSET WEST,DIAZ STREET(SOMERSET WEST)
256,SOMERSET WEST,LOURENS STREET(SOMERSET WEST)
257,SOMERSET WEST,RAILWAY STATION(SOMERSET WEST)
258,SOMERSET WEST,VICTORIA PARK
259,SOMERSET WEST,ADVANCED MEDICAL TECHNOLOGY(SOMERSET WEST)
260,SOMERSET WEST,SIR LOWRYS PASS TOWN
261,HANOVER PARK,CAPE TOWN
262,GRASSY PARK,RETREAT
263,WYNBERG,RETREAT
264,MITCHELLS PLAIN (CALYPSO SQUARE),BEACON VALLEY
265,CAPE TOWN,VREDEHOEK
266,CAPE TOWN,WALMER ESTATE
267,STRAND,CASSA BLANCA (STRAND)
268,STRAND,CASSA BLANCA (STRAND)
269,STRAND,SOMERSET WEST
270,STRAND,TEMPERANCE TOWN (GORDONS BAY)
271,STRAND,MACASSAR
272,STRAND,SIR LOWRYS PASS TOWN
273,STRAND,SOMERSET WEST MALL
274,KILLARNEY,MAITLAND
275,N1 CITY,VASCO
276,DURBANVILLE,WALLACEDENE
277,VASCO,BOTHASIG
278,VASCO,MONTAGUE GARDENS
279,VASCO,BOTHASIG
280,VASCO,PAROW (PLATTEKLOOF ROAD)
281,MALIBU,BLACKHEATH
282,NORTHPINE,BRACKENFELL STATION
283,NORTHPINE,BRACKENFELL (HYPERMARKET)
284,NORTHPINE,BELLVILLE
285,NORTHPINE,WALLACEDENE
286,BELLVILLE,EVERSDAL
287,MOWBRAY,WYNBERG
288,MOWBRAY,WYNBERG
289,MOWBRAY,CAPE TOWN
290,DURBANVILLE,BELLVILLE
291,DURBANVILLE,DURBANVILLE(ZAND DAM PLAAS)
292,CLAREMONT,HANOVER PARK
293,CLAREMONT,HANOVER PARK
294,CLAREMONT,HANOVER PARK
295,BISHOP LAVIS,ELSIES RIVER
296,ELSIES RIVER,BOTHASIG
297,BELLVILLE,DELFT
298,LOTUS RIVER,WYNBERG
299,LOTUS RIVER,WYNBERG
300,NORTHPINE,WALLACEDENE
301,NORTHPINE,BELLVILLE
302,NORTHPINE,DURBANVILLE
303,NORTHPINE,BLOEKOMBOS
304,BONTEHEUWEL,CAPE TOWN
305,DE NOVA,WALLACEDENE
306,CAPE TOWN,ORANJEZICHT
307,LOTUS RIVER,HANOVER PARK
308,KRAAIFONTEIN,KHAYELITSHA
309,ATLANTIS(WESFLEUR),WITSAND
310,ATLANTIS(WESFLEUR),BELLVILLE
311,MAMRE,BELLVILLE
312,ATLANTIS(WESFLEUR),BELLVILLE
313,CAPE TOWN,ORANJEZICHT
314,EERSTERIVIER,DEVON PARK
315,EERSTERIVIER,DEVON PARK
316,MAITLAND,MITCHELLS PLAIN
317,MAITLAND,FACTRETON
318,MAITLAND,MONTAGUE GARDENS
319,MAITLAND,KILLARNEY
320,STEENBERG,RETREAT
321,STEENBERG,GRASSY PARK
322,WYNBERG,HOUT BAY
323,OTTERY,WYNBERG
324,OTTERY,LOTUS RIVER
325,LOTUS RIVER,PLUMSTEAD
326,LOTUS RIVER,RETREAT
327,ELSIES RIVER,PAROW
328,BLACKHEATH,EERSTERIVIER
329,NETREG,ELSIES RIVER
330,NETREG,ELSIES RIVER
331,LOTUS RIVER,PLUMSTEAD
332,LOTUS RIVER,TOKAI
333,LOTUS RIVER,MUIZENBERG
334,LOTUS RIVER,MITCHELLS PLAIN
335,EERSTE RIVER,EERSTE RIVER
336,KENSINGTON,BOTHASIG
337,KENSINGTON,BELLVILLE
338,PELLA,"FABRIEKS AREA,ATLANTIS"
339,PELLA,"FABRIEKS AREA,ATLANTIS"
340,ATHLONE,BRIDGETOWN
341,ATHLONE,BRIDGETOWN
342,ATHLONE,CAPE TOWN
343,ATHLONE,CAPE TOWN
344,ATHLONE,HANOVER PARK
345,ATHLONE,HEIDEVELD
346,ATHLONE,BONTEHEUWEL
347,ATHLONE,MANENBERG
348,STEENBERG,LAVENDER HILL
349,STEENBERG,SEA WINDS
350,STEENBERG,MONTAGUE GARDENS
351,EERSTE RIVER,BLUE DOWNS
352,ELECTRIC CITY,EERSTE RIVER
353,EERSTE RIVER,STRATFORD
354,MOWBRAY,LANGA
355,KENSINGTON,MONTAGUE GARDENS
356,EERSTE RIVER,BELLVILLE
357,"LONDON VILLAGE,MITCHELLS PLAIN",TOWN CENTRE(MITCHELLS PLAIN)
358,GUGULETU,WYNBERG
359,KUILSRIVER,BELLVILLE
360,"EINDHOVEN,DELFT",MITCHELLS PLAIN
361,NYANGA,TYGERBERG STATION
362,NYANGA,PAROW
363,NYANGA,ELSIES RIVER
364,BISHOP LAVIS,ELSIES RIVER
365,BELLVILLE,BLOEKOMBOS
366,BELLVILLE,BLOEKOMBOS
367,LWANDLE,SOMERSET WEST RAILWAY STATION
368,MFULENI,KHAYELITSHA
369,MFULENI,BELLVILLE
370,KHAYELITSHA,MFULENI
371,SILVERSANDS,KUILSRIVER
372,TOWN CENTRE(MITCHELLS PLAIN),NORTHWOOD
373,KHAYELITSHA,NYANGA
374,MAITLAND,CAPE TOWN
375,MAITLAND,KILLARNEY GARDENS
376,STRANDFONTEIN,TOWN CENTRE(MITCHELLS PLAIN)
377,STRANDFONTEIN,TOWN CENTRE(MITCHELLS PLAIN)
378,STRANDFONTEIN,WYNBERG
379,STRANDFONTEIN,WESTGATE MALL(MITCHELLS PLAIN)
380,LANGA,KHAYELITSHA
381,GRASSY PARK,STEENBERG
382,NYANGA,LANGA
383,HANOVER PARK,MANENBERG
384,BEACON VALLEY(CALYPSO SQUARE),MITCHELLS PLAIN
385,CROSS ROADS,CLAREMONT
386,STRAND,RUSTHOF
387,SIR LOWRYS PASS TOWN,MACASSAR
388,CAPE TOWN STATION DECK,MANENBERG
389,CAPE TOWN STATION DECK,MANENBERG
390,KUILSRIVER,MITCHELLS PLAIN
391,SILVERSANDS,EERSTERIVIER
392,MITCHELLS PLAIN(CALYPSO SQUARE),CAPE TOWN
393,PAROW,DELFT
394,FISH HOEK,MASIPHUMELELE
395,BLOEKOMBOS,KHAYELITSHA
396,STRAND,VANDER STEL STATION
397,STRAND,STRAND NORTH
398,KALKFONTEIN,KUILSRIVER
399,MFULENI,EERSTE RIVER
400,SIR LOWRYS PASS TOWN,LOURENSFORD PLAAS
401,SIR LOWRYS PASS TOWN,SOMERSET WEST(HOTTENTOTS HOSPITAL)
402,SIR LOWRYS PASS TOWN,FIRGROVE (R102)
403,SIR LOWRYS PASS TOWN,SOMERSET WEST (SUID STREET WESTRIDGE)
404,SIR LOWRYS PASS TOWN,STRAND (AE &CI)
405,SIR LOWRYS PASS TOWN,SOMERSET WEST
406,SIR LOWRYS PASS TOWN,STRAND
407,SIR LOWRYS PASS TOWN,RUSTHOF (STRAND)
408,SCOTTSDENE,KHAYELITSHA
409,SCOTTSDENE,SCOTTSVILLE
410,SCOTTSDENE,BLOEKOMBOS
411,SCOTTSDENE,BELLVILLE
412,SCOTTSDENE,DURBANVILLE
413,KRAAIFONTEIN,BLOEKOMBOS
414,KRAAIFONTEIN,SCOTTSDENE
415,KRAAIFONTEIN,BRACKENFELL
416,BLOEKOMBOS,WALLACEDENE
417,BLOEKOMBOS,BELLVILLE
418,BLOEKOMBOS,DURBANVILLE
419,MFULENI,KUILSRIVER
420,TABLE VIEW,YSTERPLAAT
421,ELSIES RIVER,EDGEMEAD
422,KHAYELITSHA,SEA POINT
423,ELSIES RIVER,N1 CITY
424,ELSIES RIVER,PAROW
425,ELSIES RIVER,NORWOOD
426,MANENBERG,CLAREMONT
427,LWANDLE,SIR LOWRYS PASS TOWN
428,LWANDLE,STRAND
429,SCOTTSVILLE,BLOEKOMBOS
430,SCOTTSVILLE,DURBANVILLE
431,BISHOP LAVIS,HYPERAMA PAROW
432,HEIDEVELD,CAPE TOWN
433,MITCHELLS PLAIN,HANOVER PARK
434,BISHOP LAVIS,ELSIES RIVER
435,LANGA,MUTUAL STATION
436,FIRGROVE,"KRAMAT WAY,MACASSAR"
437,FIRGROVE,"STEYNRUST RD,SOMERSET WEST"
438,FIRGROVE,LOURENSFORD
439,FIRGROVE,SOMERSET WEST
440,FIRGROVE,STRAND
441,FIRGROVE,STRAND
442,FIRGROVE,STRAND
443,SOMERSET WEST,WINERY RD
444,STRAND,AE & CI STRAND
445,MACASSAR,STRAND
446,MACASSAR,STRAND
447,MACASSAR,SIR LOWRYS PASS TOWN
448,SAREPTA,TYGERBERG HOSPITAL
449,MITCHELLS PLAIN,HANOVER PARK
450,MITCHELLS PLAIN,HANOVER PARK
451,GRASSY APRK,RETREAT
452,FISH HOEK,NOORDHOEK
453,FISH HOEK,KOMMETJIE
454,FISH HOEK,OCEAN VIEW
455,FISH HOEK,SUN VALLEY
456,FISH HOEK,SEA FORTH
457,FISH HOEK,WYNBERG
458,BONTEHEUWEL,CAPE TOWN
459,BONTEHEUWEL,MOWBRAY
460,BONTEHEUWEL,ATHLONE
461,MANENBERG,MOWBRAY
462,OCEAN VIEW,SUN VALLEY
463,OCEAN VIEW,SIMONS TOWN
464,NORTHPINE,SCOTTSVILLE
465,BRACKENFELL STATION,BELLVILLE
466,EIKENFONTEIN,DURBANVILLE
467,EIKENFONTEIN,SCOTTSDENE
468,SCOTTSDENE,EIKENFONTEIN
469,SCOTTSDENE,BRACKENFELL STATION
470,NORTHPINE,EIKENFONTEIN
471,NORTHPINE,BELLVILLE
472,NORTHPINE,SCOTTSDENE
473,KRAAIFONTEIN,BELLVILLE
474,MELTON ROSE,BLUE DOWNS
475,MELTON ROSE,TUSCANY GLEN
476,MELTON ROSE,TUSCANY GLEN
477,MELTON ROSE,EERSTERIVER
478,MELTON ROSE,BLACKHEATH
479,EERSTERIVER,KLEINVLEI
480,EIKENFONTEIN,BLOEKOMBOS
481,EIKENFONTEIN,BELLVILLE
482,KRAAIFONTEIN,DURBANVILLE
483,BLACKHEATH,DENNEGEUR
484,BLACKHEATH,BELLVILLE
485,MUTUAL,NYANGA
486,WYNBERG,CONSTANTIA
487,ATHLONE,HANOVER PARK
488,ATHLONE,HANOVER PARK
489,ATHLONE,HANOVER PARK
490,ATHLONE,HANOVER PARK
491,BRENTWOOD PARK,KUILSRIVER
492,TABLE VIEW,CAPE TOWN
493,TABLE VIEW,KOEBERG
494,TABLE VIEW,YSTERPLAAT STATION
495,TABLE VIEW,KOEBERG
496,SAREPTA,KUILSRIVER
497,SAREPTA,BELLVILLE
498,KUILSRIVER,INDUSTRIAL AREA
499,KUILSRIVER,KALKFONTEIN
500,KUILSRIVER,KALKFONTEIN
501,KUILSRIVER,"BOTTELARY RD,KUILSRIVER"
502,KUILSRIVER STATION,BELLVILLE
503,KUILSRIVER STATION,"INDUSTRIAL AREA,KUILSRIVER"
504,KUILSRIVER STATION,KALKFONTEIN
505,BLACKHEATH RAILWAY STATION,HAPPY VALLEY
506,BLACKHEATH RAILWAY STATION,KUILSRIVER
507,MELTON ROSE,PINEPLACE
508,MELTON ROSE,EERSTERIVIER
509,ELSIES RIVER,MATROOSFONTEIN
510,THE HAGUE,BELLVILLE
511,MALIBU VILLAGE,MITCHELLS PLAIN
512,ELSIES RIVER,EINDHOVEN
513,NETREG STATION,"SANLAM CENTRE ,PAROW"
514,MONTANA,ELSIES RIVER
515,UNIBELL,THE HAGUE
516,UNIBELL,VOORBRUG
517,UNIBELL,EINDHOVEN
518,ELSIES RIVER,N1 CITY
519,BELLVILLE,WELGEMOED
520,BELLVILLE,WELGEMOED
521,CAPE TOWN,BONTEHEUWEL
522,SAREPTA,KUILSRIVER STATION
523,KUILSRIVER,BELLVILLE
524,KUILSRIVER STATION,SAREPTA
525,KHAYELITSHA,CAPE TOWN
526,CLAREMONT,NYANGA
527,NYANGA,MOWBRAY
528,KHAYELITSHA,SOMERSET WEST
529,LENTEGEUR STATION,WESTGATE MALL
530,GATESVILLE,NYANGA
531,TABLE VIEW,KOEBERG RAILWAY STATION
532,CLAREMONT,CAPE TOWN
533,CLAREMONT,WYNBERG
534,SEA POINT,GREEN POINT
535,CAPE TOWN,"DOCK RD,CAPE TOWN"
536,CAPE TOWN,GREEN POINT
537,N1 CITY,BOTHASIG
538,VASCO,N1 CITY
539,N1 CITY,GOODWOOD
540,N1 CITY,CAPE TOWN
541,CAPE TOWN,WYNBERG
542,CAPE TOWN,CAMPS BAY
543,SOMERSET WEST,STRAND
544,SOMERSET WEST,STRAND
545,SOMERSET WEST,RUSTHOF
546,SOMERSET WEST,CASSABLANCA
547,SIR LOWRYS PASS TOWN,SOMERSET WEST
548,SIR LOWRYS PASS TOWN,STRAND
549,SIR LOWRYS PASS TOWN,GORDONS BAY
550,SIR LOWRYS PASS TOWN,LWANDLE
551,CAPE TOWN,BONTEHEUWEL
552,CAPE TOWN,BONTEHEUWEL
553,FIRGROVE,SOMERSET WEST
554,MATROOSFONTEIN,ELSIES RIVER
555,TABLE VIEW,KOEBERG RAILWAY STATION
556,TABLE VIEW,KOEBERG RAILWAY STATION
557,BRACKENFELL,"CRAMMIX RD,BRACKENFELL"
558,VASCO,BOTHASIG
559,ELSIES RIVER,BISHOP LAVIS
560,KILLARNEY,CAPE TOWN
561,KILLARNEY,KOEBERG RAILWAY STATION
562,KILLARNEY,YSTERPLAAT
563,KILLARNEY,YSTERPLAAT
564,KILLARNEY,KOEBERG RAILWAY STATION
565,KILLARNEY,KOEBERG RAILWAY STATION
566,KILLARNEY,MORNINGSTAR
567,DOLPHIN BEACH,KOEBERG RAILWAY STATION
568,HANOVER PARK,WYNBERG
569,WYNBERG,HANOVER PARK
570,DELFT,ELSIES RIVER
571,GORDONS BAY,STRAND
572,GORDONS BAY,SOMERSET WEST
573,GORDONS BAY,"SOMERSET MALL,SOMERSET WEST"
574,SOMERSET WEST,MACASSAR
575,FIRGROVE,SOMERSET WEST
576,MACASSAR,"LOURENSFORD,SOMERSET WEST"
577,MACASSAR,"SOMERSET MALL,SOMERSET WEST"
578,NYANGA,MITCHELLS PLAIN
579,NYANGA,BELLVILLE
580,NYANGA,KHAYELITSHA
581,TYGERVALLEY SHOPPING CENTRE,BELLVILLE
582,TYGERVALLEY SHOPPING CENTRE,DURBANVILLE
583,MITCHELLS PLAIN,BELLVILLE
584,HEIDEVELD,ATHLONE
585,NYANGA,TYGERBERG HOSPITAL
586,MANENBERG,CAPE TOWN
587,EINDHOVEN,UNIBELL
588,DELFT SOUTH,BELLVILLE
589,VOORBRUG,UNIBELL
590,MUTUAL STATION,LANGA
591,LANGA,NYANGA
592,DELFT SOUTH,ELSIES RIVER
593,PHILIPPI,CLAREMONT
594,NYANGA,SEA POINT
595,GRASSY PARK,HANOVER PARK
596,GUGULETU,SEA POINT
597,GUGULETU,CAPE TOWN
598,LANGA,SEA POINT
599,RETREAT,LAVENDER HILL
600,RETREAT,REATREAT
601,RETREAT,WYNBERG
602,RETREAT,POLLSMOOR
603,RETREAT,WYNBERG
604,RETREAT,FISH HOEK
605,RETREAT,WYNBERG
606,KOEBERG RAILWAY STATION,SUMMERGREENS
607,KOEBERG RAILWAY STATION,KILLARNEY
608,KOEBERG RAILWAY STATION,PAARDEN EILAND
609,KOEBERG RAILWAY STATION,YSTERPLAAT RAILWAY STATION
610,KOEBERG RAILWAY STATION,MONTAGUE GARDENS
611,WOODSTOCK,CAPE TOWN(STATION DECK)
612,GORDONS BAY,TEMPERANCE TOWN
613,RATANGA JUNCTION CENTURY CITY,KOEBERG RAILWAY STATION
614,RATANGA JUNCTION CENTURY CITY,KILLARNEY
615,WYNBERG,KENILWORTH CENTRE
616,DELFT SOUTH,UNIBELL
617,CAPE TOWN,HEIDEVELD
618,CAPE TOWN,BRIDGETOWN
619,CAPE TOWN,BRIDGETOWN
620,SILVERTOWN,ATHLONE
621,SILVERTOWN,ATHLONE
622,SILVERTOWN,ATHLONE
623,BRIDGETOWN,ATHLONE
624,BRIDGETOWN,ATHLONE
625,BRIDGETOWN,ATHLONE
626,SILVERTOWN,CAPE TOWN
627,SILVERTOWN,CAPE TOWN
628,SILVERTOWN,CAPE TOWN
629,SILVERTOWN,CAPE TOWN
630,SILVERTOWN,CAPE TOWN
631,BRIDGETOWN,CAPE TOWN
632,BRIDGETOWN,CAPE TOWN
633,BRIDGETOWN,CAPE TOWN
634,BRIDGETOWN,CAPE TOWN
635,BRIDGETOWN,GATESVILLE
636,BRIDGETOWN,GATESVILLE
637,SILVERTOWN,MOWBRAY
638,SILVERTOWN,MOWBRAY
639,BRIDGETOWN,MOWBRAY
640,SILVERTOWN,MOWBRAY
641,BRIDGETOWN,MOWBRAY
642,BRIDGETOWN,MOWBRAY
643,BRIDGETOWN,ATHLONE
644,KHAYELITSHA,MITCHELLS PLAIN
645,RETREAT,HANOVER PARK
646,GOODWOOD,N1 CITY
647,LANGA,KILLARNEY
648,WESBANK,KUILSRIVER
649,PENTECH RAILWAY STATION,BELHAR
650,ORANJEZICHT,CAPE TOWN
651,GUGULETU,CAPE TOWN
652,MONTAGUE GARDENS,KOEBERG RAILWAY STATIONS
653,DURBANVILLE,TYGERVALLEY CENTRE
654,DURBANVILLE,"KLIPHEUWEL RD,DURBANVILLE"
655,DURBANVILLE,BLOEKOMBOS
656,KHAYELITSHA,SEA POINT
657,KHAYELITSHA,MOWBRAY
658,KHAYELITSHA,WOODSTOCK
659,"HAPPY VALLEY ,BLACKHEATH",KUILSRIVER
660,NYANGA,BOTHASIG
661,CAPE TOWN,SEA POINT
662,HEIDEVELD,CAPE TOWN
663,HEIDEVELD,CAPE TOWN
664,BLUE DOWNS,MITCHELLS PLAIN
665,LANGA,NYANGA
666,MATROOSFONTEIN,ELSIES RIVER
667,MATROOSFONTEIN,EPPING 2
668,LANGA,HARARE
669,LANGA,MAKHAZA
670,SEA POINT,LANGA
671,KHAYELITSHA,ELSIES RIVER
672,KHAYELITSHA,PAROW RAILWAY STATION
673,KHAYELITSHA,TYGERBERG RAILWAY STATION
674,TYGERBERG RAILWAY STATION,KHAYELITSHA
675,MASIPHUMELELE,FISH HOEK
676,MALIBU,BLACKHEATH
677,MALIBU,BELLVILLE
678,MALIBU,EERSTE RIVER
679,BELLVILLE,GROOTTE SCHUUR HOSPITAL
680,BRENTWOOD PARK,KUILSRIVER
681,BRENTWOOD PARK,BELLVILLE
682,DELFT SOUTH,CAPE TOWN
683,UNIBELL,DELFT SOUTH
684,SAMORA MACHEL,CAPE TOWN
685,NORWOOD,ELSIES RIVER
686,KHAYELITSHA (KUWAIT),MITCHELLS PLAIN
687,KHAYELITSHA (KUWAIT),MITCHELLS PLAIN
688,KHAYELITSHA (SITE B),MITCHELLS PLAIN
689,KHAYELITSHA (MAKHAZA),MITCHELLS PLAIN
690,KHAYELITSHA (TOWN 2),MITCHELLS PLAIN
691,KHAYELITSHA (LUZUKO RANK),MITCHELLS PLAIN
692,KHAYELITSHA (HARARE),MITCHELLS PLAIN
693,KHAYELITSHA (MAKAYA),MITCHELLS PLAIN
694,LANGA,CAPE TOWN
695,OCEAN VIEW,KOMMETJIE
696,KHAYELITSHA,TABLE VIEW
697,KUWAIT,HARARE
698,KUWAIT,MAKHAZA
699,KUWAIT,MAKHAZA
700,KRAAIFONTEIN,WALLACEDENE
701,KRAAIFONTEIN,BLOEKOMBOS
702,KRAAIFONTEIN,DE NOVA
703,WALLACEDENE,DURBANVILLE
704,OCEAN VIEW,MURDOCK VALLEY
705,OCEAN VIEW,NOORDHOEK
706,DELFT SOUTH,PAROW
707,DELFT SOUTH,PAROW
708,PENTECH STATION,DELFT SOUTH
709,UNIBELL,ELSIES RIVER
710,KHAYELITSHA,DELFT
711,KHAYELITSHA,WESBANK
712,HEIDEVELD,CAPE TOWN
713,MUTUAL RAILWAY STATION,LANGA
714,BLOEKOMBOS,BELLVILLE
715,WALLACEDENE,BELLVILLE
716,LANGA,GUGULETU
717,KHAYELITSHA,NYANGA
718,KHAYELITSHA,LANGA
719,KHAYELITSHA,LANGA
720,DU NOON,BOTHASIG
721,DU NOON,MAITLAND RAILWAY STATION
722,WESBANK,BELLVILLE
723,BELLVILLE,DURBANVILLE
724,EERSTE RIVER,FOREST HEIGHTS
725,DELFT SOUTH,MITCHELLS PLAIN
726,NYANGA,CAPE TOWN
727,BELLVILLE,ATLANTIS
728,LWANDLE,LOURENSFORD FARM
729,WYNBERG,CROSS RAODS
730,CAPE TOWN,SALT RIVER
731,NYANGA,WYNBERG (VIA CLAREMONT)
732,CROSS ROADS,WYNBERG (VIA CLAREMONT)
733,GUGULETU,CLAREMONT (VIA WYNBERG)
734,CROSS ROADS,CLAREMONT (VIA WYNBERG)
735,KHAYELITSHA,FISANTEKRAAL
736,LWANDLE,SOMERSET WEST (VIA MEDI CITY)
737,BELHAR,BELLVILLE
738,BELLVILLE,MITCHELLS PLAIN
739,EINDHOVEN,MITCHELLS PLAIN
740,VASCO,BOTHASIG
741,VASCO,BOTHASIG
742,MITCHELLS PLAIN,WYNBERG
743,MITCHELLS PLAIN,WYNBERG
744,EERSTE RIVER,BELLVILLE
745,TYGERBERG RAILWAY STATION,TYGERBERG HOSPITAL
746,TYGERBERG RAILWAY STATION,RAVENSMEAD
747,TYGERBERG RAILWAY STATION,RAVENSMEAD
748,WESBANK,EERSTE RIVER
749,DURBANVILLE,VISSERSHOK FARM
750,TYGERBERG HOSPITAL,DELFT SOUTH
751,KALKFONTEIN,BELLVILLE
752,BLOEKOMBOS,KRAAIFONTEIN STATION
753,BLOEKOMBOS,DURBANVILLE
754,KRAAIFONTEIN,JOOSTENBERG VLAKTE
755,SANLAM CENTRE PAROW,DELFT
756,EERSTE RIVER,MITCHELLS PLAIN
757,EERSTE RIVER,MITCHELLS PLAIN
758,EERSTE RIVER,MITCHELLS PLAIN
759,MELTON ROSE,EERSTE RIVER
760,SAMORA MACHEL,SEA POINT
761,KHAYELITSHA,WYNBERG (VIA CLAREMONT)
762,KHAYELITSHA,CLAREMONT (VIA WYNBERG)
763,BELLVILLE,WESBANK
764,UNIBELL,BELLVILLE
765,GUGULETU,BELLVILLE
766,LANGA,WYNBERG
767,LANGA,MOWBRAY (VIA WYNBERG)
768,SAMORA MACHEL,SEA POINT
769,NYANGA,CLAREMONT (VIA WYNBERG)
770,KOEBERG STATION,TABLE VIEW
771,LANGA,BELLVILLE
772,KHAYELITSHA,MAITLAND
773,TYGERBERG STATION,RAVENSMEAD
774,TYGERBERG STATION,RAVENSMEAD
775,KOEBERG STATION,TABLE VIEW
776,SIR LOWRYS PASS,SOMERSET WEST
777,KHAYELITSHA,MAITLAND
778,BLOEKOMBOS,KRAAIFONTEIN (SHOPRITE)
779,GOODWOOD STATION,TABLE VIEW
780,GOODWOOD STATION,MONTAGUE GARDENS
781,SEA POINT,NYANGA
782,KRAAIFONTEIN,WALLACEDENE
783,KRAAIFONTEIN,BRACKENFELL STATION
784,KRAAIFONTEIN,BOTFONTEIN - BOTLARY FARMS
785,KRAAIFONTEIN,DE NOVA
786,KRAAIFONTEIN,BELLVILLE
787,KRAAIFONTEIN,DURBANVILLE
788,KRAAIFONTEIN,GOLIATH ESTATE
789,PENTECH,PAROW
790,RATANGA JUNCTION,MAITLAND RAILWAY STATION
791,UNIBELL RAILWAY STATION,PAROW RAILWAY STATION
792,WESBANK,ELSIES RIVER STATION
793,STEENBERG,HILLVIEW
794,STEENBERG,"CAPRICORN,RETREAT"
795,STEENBERG,"SEAWINDS,RETREAT"
796,STEENBERG,"7TH & 11TH AVE,RETREAT"
797,STEENBERG,"BLUE ROUTE,TOKAI"
798,STEENBERG,MUIZENBERG
799,STEENBERG,GRASSY PARK
800,MITCHELLS PLAIN(TOWN CENTRE),MUIZENBERG
801,RETREAT,LAVENDER HILL
802,RETREAT,MONTAGUE VILLAGE
803,RETREAT,STEENBERG(HILLVIEW)
804,RETREAT,VRYGROND - STEENBERG
805,RETREAT,WESTLAKE - RETREAT
806,RETREAT,WESTLAKE M3 - RETREAT
807,RETREAT,WESTLAKE - TOKAI
808,RETREAT,STEENBERG
809,RETREAT,RETREAT
810,RETREAT,WYNBERG
811,RETREAT,CONSTANTIA - WYNBERG
812,RETREAT,CONSTANTIA - WYNBERG
813,RETREAT,MUIZENBERG-FISH HOEK
814,RETREAT,FISH HOEK
815,DELFT SOUTH,ELSIES RIVER
816,EINDHOVEN,BELLVILLE
817,WYNBERG,CONSTANTIA (SWEET VALLEY)
818,PAROW,DELFT
819,"SANLAM CENTRE,PAROW",DELFT
820,"SANLAM CENTRE,PAROW",DELFT
821,"TOWN CENTRE,MITCHELLS PLAIN",BELLVILLE
822,MUTUAL,LANGA (BHUNGA)
823,SEA POINT,EYONA
824,SEA POINT,EYONA
825,KHAYELITSHA,GOODWOOD-MAITLAND-KILLARNEY
826,MOWBRAY,NYANGA
827,7TH AVENUE MITCHELLS PLAIN,BELLVILLE RAILWAY STATION
828,DU NOON,MONTAGUE GARDENS
829,DU NOON,JOE SLOVO PARK
830,RATANGA JUNCTION,GOODWOOD
831,RATANGA JUNCTION,GOODWOOD
832,STRAND,RUSTHOF
833,STRAND,RUSTHOF
834,STRAND,LOURENSFORD & VERGELEGEN
835,STRAND,HOTTENTOTS HOLLAND HOSPITAL
836,NYANGA,MITCHELLS PLAIN
837,NYANGA,SAMORA MACHEL
838,NYANGA,PHILIPPI
839,NYANGA JUNCTION,PHILIPPI
840,NYANGA,HEIDEVELD STATION
841,NYANGA,NYANGA JUNCTION
842,PHILIPPI,NYANGA TERMINUS
843,PHILIPPI,MITCHELLS PLAIN
844,PHILIPPI,CROSS ROADS
845,PHILIPPI,HEIDEVELD
846,PHILIPPI,NYANGA JUNCTION
847,PHILIPPI,SAMORA MACHEL
848,NYANGA JUNCTION,NYANGA
849,NYANGA JUNCTION,PHILIPPI
850,NYANGA JUNCTION,SAMORA MACHEL
851,NYANGA JUNCTION,CROSS ROADS
852,NYANGA JUNCTION,HEIDEVELD STATION
853,NYANGA JUNCTION,TAMBO VILLAGE
854,RETREAT,RETREAT STATION
855,NYANGA,GUGULETU
856,NYANGA,PHILIPPI - LOWER CROSS ROADS
857,GUGULETU,NYANGA
858,GUGULETU,PHILIPPI - LOWER CROSS ROADS
859,PHILIPPI,GUGULETU
860,PHILIPPI,NYANGA
861,PHILIPPI,LOWER CROSS ROADS
862,LOWER CROSS ROADS,NYANGA
863,LOWER CROSS ROADS,GUGULETU
864,LOWER CROSS ROADS,PHILIPPI
865,KHAYELITSHA,MFULENI
866,NYANGA,WYNBERG
867,NYANGA,WYNBERG (VIA GUGULETU VIA CLAREMONT)
868,NYANGA,WYNBERG (VIA GUGULETU VIA CLAREMONT)
869,NYANGA,WYNBERG (VIA LOWER CROSS ROADS VIA PHILIPPI)
870,NYANGA,CLAREMONT (VIA GUGULETU)
871,NYANGA,CLAREMONT (GUGULETU)
872,NYANGA,CLAREMONT (VIA PHILIPPI)
873,NYANGA,CLAREMONT (VIA CROSS ROADS)
874,NYANGA,WYNBERG (VIA GUGULETU)
875,NYANGA,WYNBERG (VIA PHILIPPI)
876,NYANGA,WYNBERG (VIA CROSS ROADS)
877,KHAYELITSHA,EERSTE RIVER
878,KHAYELITSHA,BLACKHEATH
879,KHAYELITSHA,KUILSRIVER
880,KHAYELITSHA,LWANDLE
881,NYANGA TERM,MITCHELLS PLAIN
882,NYANGA,MITCHELLS PLAIN (VIA LOWER CROSS ROADS)
883,NYANGA TERM,SAMORA MACHEL
884,YSTERPLAAT,MAITLAND
885,YSTERPLAAT,PARKLANDS
886,YSTERPLAAT,MONTAGUE GARDENS
887,YSTERPLAAT,METRO INDUSTRY(PAARDEN EILAND)
888,YSTERPLAAT,KILLARNEY
889,KHAYELITSHA,FISH HOEK
890,CROOS ROADS(JO-BURG STORES),CLAREMONT
891,FISH HOEK,RETREAT
892,LANGA,WYNBERG
893,WYNBERG,NYANGA
894,LANGA,NYANGA
895,SAMORA MACHEL,CLAREMONT
896,SAMORA MACHEL,CLAREMONT (VIA WYNBERG)
897,ATLANTIS(WESFLEUR),FARMS(ATLANTIS)
898,BELLVILLE,FISANTEKRAAL
899,BELLVILLE,CENTURY CITY (VIA N1)
900,BELLVILLE,CENTURY CITY (VIA VOORTREKKER RD)
901,SAXON WORLD,BELLVILLE
902,SAXON WORLD,LANGA STATION
903,RETREAT,RETREAT STATION
904,DU NOON,CAPE TOWN
905,DU NOON,SUMMER GREENS
906,DU NOON,PARKLANDS
907,LANGA,DELFT
908,LEIDEN DELFT,ELSIES RIVER
909,LOWER CROSS ROADS,CAPE TOWN
910,CLAREMONT,LANGA
911,CLAREMONT,NYANGA
912,CLAREMONT,NYANGA
913,MASIPHUMELELE,SIMONS TOWN
914,WESBANK,BELLVILLE
915,CAPE TOWN,BELLVILLE
916,CROSS ROADS (JO-BURG STORES),WYNBERG
917,CROSS ROADS (JO-BURG STORES),WYNBERG (VIA CLAREMONT)
918,CROSS ROADS (JO-BURG STORES),CLAREMONT(VIA WYNBERG)
919,EYONA,CAPE TOWN
920,GUGULETU,KHAYELITSHA
921,GUGULETU,LANGA
922,BELLVILLE,LOWER CROSS ROADS
923,KHAYELITSHA,MONTE VISTA
924,KHAYELITSHA,DE LA REY
925,KHAYELITSHA,GOODWOOD
926,KALKFONTEIN,KUILSRIVER
927,CAPE TOWN,GARDENS
928,CAPE TOWN,ORANJEZICHT
929,CAPE TOWN,CABLE WAY STATION
930,HAPPY VALLEY,BELLVILLE
931,MFULENI,KUILSRIVER
932,WYNBERG,CENTURY CITY
933,WYNBERG,CENTURY CITY
934,WYNBERG,CENTURY CITY
935,WYNBERG,CENTURY CITY
936,PAROW,DELFT
937,MUIZENBERG,MITCHELLS PLAIN
938,MITCHELLS PLAIN,CENTURY CITY
939,MITCHELLS PLAIN,CENTURY CITY
940,MITCHELLS PLAIN,CENTURY CITY
941,BELLVILLE,DU NOON
942,DELFT,WYNBERG
943,MASIPHUMELELE,NOORDHOEK
944,DELFT,WYNBERG (VIA CLAREMONT)
945,LANGA,MOWBRAY
946,NYANGA,GOODWOOD
947,CAPE TOWN,RUYTERWACHT (VIA GARDEN VILLAGE)
948,WYNBERG,BISHOPS COURT
949,"LEIDEN,DELFT",BELLVILLE
950,KHAYELITSHA,CENTURY CITY
951,CAPE TOWN (STATION DECK),FRANKDALE
952,CAPE TOWN (STATION DECK),SANDRIFT - MONTAGUE GARDENS
953,CAPE TOWN (STATION DECK),TABLE VIEW
954,MOWBRAY,CENTURY CITY
955,GUGULETU,MOWBRAY
956,LEIDEN,ELSIES RIVER
957,DELFT,WYNBERG
958,LOWER CROSS ROADS,WYNBERG
959,PHILIPPI,WYNBERG
960,DELFT,WYNBERG AND RETURN
961,LOWER CROSSROADS,WYNBERG (VIA CLAREMONT)
962,NYANGA TAXI RANK,DELFT
963,SAMORA MACHEL,WYNBERG
964,LEIDEN,BELLVILLE
965,KHAYELITSHA,MACASSAR
966,WYNBERG,LANGA
967,MASIPHUMELELE,KOMMETJIE
968,YSTERPLAAT,MITCHELLS PLAIN
969,KALKFONTEIN,KUILSRIVER
970,SURBURBAN BLISS,ATHLONE
971,SURBURBAN BLISS,MOWBRAY
972,SURBURBAN BLISS,CAPE TOWN
973,SURBURBAN BLISS,CAPE TOWN
974,SURBURBAN BLISS,SEA POINT
975,SURBURBAN BLISS,ELSIES RIVER
976,SURBURBAN BLISS,PAROW
977,CROSS ROADS(JO-BURG STORES),CLAREMONT
978,MOWBRAY,CAPE TOWN
979,MOWBRAY,CENTURY CITY
980,WESBANK,PAROW STATION
981,MUTUAL RAILWAY STATION,BELLVILLE
982,MUTUAL RAILWAY STATION,LANGA
983,LWANDLE,SOMERSET WEST (VIA DENNEGEUR)
984,LWANDLE,HELDERVUE (SOMERSET WEST)
985,LWANDLE,SANDVLEI
986,LWANDLE,SOMERSET WEST(VIA NOMZAMO)
987,WALLACEDENE,BLOEKOMBOS
988,LWANDLE,GORDONS BAY
989,KHAYELITSHA,WYNBERG
990,NORTHPINE,WALLACEDENE
991,DU NOON,CAPE TOWN (VIA VOORTREKKER ROAD)
992,DELFT SOUTH,EPPING (VIA MODDERDAM ROAD)
993,DELFT SOUTH,EPPING (VIA 35TH STREET & OWEN ROAD)
994,HANOVER PARK,CAPE TOWN (VIA KROMBOOM PARKWAY)
995,HANOVER PARK,CAPE TOWN (VIA FREEWAY)
996,HANOVER PARK,CAPE TOWN
997,CAPE TOWN,SUMMER GREENS (VIA PHOENIX VILLAGE & JOE SLOVO)
998,CAPE TOWN,SUMMER GREENS
999,CAPE TOWN,CAMBRIDGE (VIA BROOKLYN & RUGBY)
1000,MFULENI,SOMERSET WEST
1001,MFULENI,STELLENBOSCH
1002,TOWN CENTRE CALYPSO SQUARE MITCHELLS PLAIN,MUIZENBERG
1003,RETREAT,"ATHLONE (VIA KLIP RD, PLANTATION, WETTON, LANSDOWNE & JAN SMUTS DR)"
1004,RETREAT,ATHLONE (VIA M5 & KLIPFONTEIN RD)
1005,MUTUAL STATION,"MUTUAL RAILWAY STATION (VIA PINELANDS, FOREST DR & RINGWOOD DR)"
1006,VOORBRUG DELFT,"MITCHELLS PLAIN (VIA LEIDEN, HINDLE, R300 & AZ BERMAN DR)"
1007,TOWN CENTRE MITCHELLS PLAIN,JOHANNES MEINTJIES LENTEGEUR
1008,VOORBRUG DELFT,"MITCHELLS PLAIN (VIA LEIDEN, HINDLE, R300 & AZ BERMAN DR)"
1009,SAMORA MACHEL,CLAREMONT
1010,NYANGA,TAMBO VILLAGE
1011,TOWN CENTRE CALYPSO SQUARE MITCHELLS PLAIN,CAPE TOWN (VIA MOWBRAY)
1012,TOWN CENTRE CALYPSO SQUARE MITCHELLS PLAIN,"CAPE TOWN (VIA N2, LIESBEECK PRKWY, STATION RD, MAIN RD)"
1013,TOWN CENTRE CALYPSO SQUARE MITCHELLS PLAIN,"CAPE TOWN (VIA N2, EASTERN BLVD)"
1014,TOWN CENTRE CALYPSO SQUARE MITCHELLS PLAIN,CAPE TOWN (VIA BORCHERDS QUARRY & N2)
1015,TOWN CENTRE CALYPSO SQUARE MITCHELLS PLAIN,"CAPE TOWN (VIA SAMORA MACHEL, VANGUARD, N2)"
1016,TOWN CENTRE CALYPSO SQUARE MITCHELLS PLAIN,"CAPE TOWN (HIGHLANDS DR, VANGUARD, N2)"
1017,KHAYELITSHA SITE C,PLATTEKLOOF
1018,RETREAT,"ATHLONE (VIA M5, OTTERY RD, ROSMEAD, MILNER & KLIPFONTEIN)"
1019,KHAYELITSH SITE C,PANORAMA
1020,LWANDLE,SOMERSET WEST MALL
1021,LWANDLE,HELDERVUE (SOMERSET WES)
1022,LWANDLE,SOMERSET WEST
1023,LWANDLE,KOGGELBAAI
1024,KHAYELITSH SITE C,MONTE VISTA
1025,TOWN CENTRE CALYPSO SQUARE MITCHELLS PLAIN,CAPE TOWN (VIA MOWBRAY)
1026,TOWN CENTRE CALYPSO SQUARE MITCHELLS PLAIN,"CAPE TOWN (VIA N2, LIESBEECK PRKWY, STATION RD, MAIN RD)"
1027,KHAYELITSHA SITE C,KILLARNEY
1028,GUGULETU,MOWBRAY
1029,YSTERPLAAT RAILWAY STATION,MONTAGUE GARDENS
1030,YSTERPLAAT RAILWAY STATION,FRANKDALE
1031,YSTERPLAAT RAILWAY STATION,SANDRIF
1032,YSTERPLAAT RAILWAY STATION,MILNERTON
1033,YSTERPLAAT RAILWAY STATION,CAMBRIDGE
1034,YSTERPLAAT RAILWAY STATION,MONTAGUE GARDENS (VIA SANDRIF)
1035,KALKFONTEIN,SHOPRITE KUILSRIVER
1036,VREDENDAL,CAPE TOWN
1037,STELLENBOSCH (DU TOIT STATION),BELLVILLE
1038,TOWN CENTRE CALYPSO SQUARE MITCHELLS PLAIN,CAPE TOWN (VIA MERRYDALE)
1039,TOWN CENTRE CALYPSO SQUARE MITCHELLS PLAIN,"CAPE TOWN (VIA N2, EASTERN BLVD)"
1040,TOWN CENTRE CALYPSO SQUARE MITCHELLS PLAIN,CAPE TOWN (VIA BORCHERDS QUARRY & N2)
1041,TOWN CENTRE CALYPSO SQUARE MITCHELLS PLAIN,"CAPE TOWN (VIA SAMORA MACHEL, VANGUARD, N2)"
1042,GUGULETU,CLAREMONT
1043,PHILIPPI,ATHLONE
1044,PHILIPPI,MOWBRAY
1045,PHILIPPI,CAPE TOWN
1046,DU NOON,BELLVILLE
1047,WYNBERG,HOUT BAY
1048,BELLVILLE,DU NOON
1049,LWANDLE,SIR LOWRY'S PASS
1050,SAMORA MACHEL,CAPE TOWN
1051,KRAAIFONTEIN,SCOTTSVILLE  - BRACKENFELL
1052,BLOEKOMBOS,BELLVILLE (VIA WALLACEDENE)
1053,NORTHPINE,BELLVILLE
1054,BLOEKOMBOS,SCOTTSVILLE
1055,SCOTTSVILLE,BELLVILLE
1056,SCOTTSVILLE,SCOTTSDENE
1057,BRACKENFELL STATION,DURBANVILLE
1058,NORTHPINE,CAPE GATE (VIA PROTEA HEIGHTS)
1059,SCOTTSDENE,CAPE GATE
1060,NORTHPINE,CAPE GATE
1061,EIKENFONTEIN,CAPE GATE
1062,SCOTTSVILLE,CAPE GATE
1063,BLOEKOMBOS,CAPE GATE
1064,WALLACEDENE,CAPE GATE
1065,KRAAIFONTEIN,CAPE GATE
1066,BLOEKOMBOS,CAPE GATE (VIA MAROELA RD & N1)
1067,KHAYELITSHA,PANORAMA (VIA ELSIES RIVER)
1068,BELLVILLE,CAPE TOWN
1069,LANGA,VANGATE MALL
1070,BONTEHEUWEL,VANGATE MALL
1071,PHILIPPI,VANGATE MALL
1072,NYANGA,VANGATE MALL
1073,GUGULETU,VANGATE MALL
1074,GUGULETU,VANGATE MALL
1075,SAMORA MACHEL,VANGATE MALL
1076,HANOVER PARK,VANGATE MALL (VIA BELGRAVIA RD)
1077,HANOVER PARK,VANGATE MALL (VIA NEWFIELDS)
1078,HANOVER PARK,VANGATE MALL (VIA VAGUARD DR)
1079,BONTEHEUWEL,VANGATE MALL
1080,HEIDEVELD,VANGATE MALL (VIA HEIDEVELD)
1081,HEIDEVELD,VANGATE MALL (VIA DEVILS PEAK RD & KLIPFONTEIN RD)
1082,HEIDEVELD,VANGATE MALL (VIA HEIDEVELD & 5TH AVENUE)
1083,HANOVER PARK,VANGATE MALL (VIA VAGUARD DR)
1084,KHAYELITSHA SITE C,VANGATE MALL (VIA N2)
1085,HANOVER PARK,VANGATE MALL (VIA VAGUARD DR)
1086,HANOVER PARK,VANGATE MALL (VIA NEWFIELDS)
1087,ATHLONE,VANGATE MALL (VIA BRIDGETOWN)
1088,ATHLONE,VANGATE MALL (VIA BRIDGETOWN)
1089,LEIDEN DELFT,CAPE TOWN (VIA N2 & MAIN RD)
1090,FEZEKA,MITCHELL'S PLAIN
1091,SAMORA MACHEL,MITCHELL'S PLAIN
1092,LWANDLE,HELDERBERG (VIA HELDERVUE)
1093,PHILIPPI STATION TRANSPORT INTERCHANGE,MITCHELLS PLAIN
1094,NYANGA STATION PUBLIC TRANSPORT INTERCHANGE,MITCHELLS PLAIN (VIA FEZEKA)
1095,ATHLONE,BRIDGETOWN (VIA VANGATE MALL)
1096,IMIZAMO YETHU,HOUT BAY DAY HOSPITAL
1097,IMIZAMO YETHU,SHOPRITE HOUT BAY
1098,KENSINGTON,"BELLVILLE (VIA CAPE TOWN, N1, VANGUARD DR & VOORTREKKER RD)"
1099,KENSINGTON,"BELLVILLE (VIA CAPE TOWN, N1 & DURBAN RD)"
1100,LANGA,"BELLVILLE (VIA N2, CAPE TOWN, N1, VANGUARD DR & VOORTREKKER RD)"
1101,LANGA,"BELLVILLE (VIA N2, CAPE TOWN, N1, & DURBAN RD)"
1102,KHAYELITSHA SITE C,"BELLVILLE (VIA N2, CAPE TOWN, N1, VANGUARD DR & VOORTREKKER RD)"
1103,KHAYELITSHA SITE C,"BELLVILLE (VIA N2, CAPE TOWN, N1, & DURBAN RD)"
1104,MACASSAR,SOMERSET WEST
1105,MFULENI,TYGERBERG RAILWAY STATION (VIA ELSIES RIVER & PAROW)
1106,MFULENI,ELSIES RIVER
1107,LWANDLE,SOMERSET WEST
1108,LWANDLE,SOMERSET WEST RAILWAY STATION
1109,LWANDLE,SIR LOWRYS PASS
1110,MAITLAND STATION,KILLARNEY & DU NOON (VIA N1 & N7)
1111,MAITLAND STATION,SUMMER GREENS(VIA N1 FREEWAY)
1112,MAITLAND STATION,SUMMER GREENS (VIA SANDRIFT)
1113,MAITLAND STATION,"WEST BEACH, SUNNINGDALE & PARKLANDS"
1114,MAITLAND STATION,KILLARNAY & DU NOON (VIA KOEBERG ROAD)
1115,MAITLAND STATION,MILNERTON RIDGE (VIA ASCOT VILLAGE)
1116,MAITLAND STATION,PARKLANDS (VIA KOEBERG ROAD)
1117,LANGA,CAPE TOWN
1118,LANGA,CENTURY CITY
1119,WYNBERG,HOUT BAY (VIA VICTORIA HOSPITAL)
1120,SUBURBAN BLISS,TYGERBERG STATION (VIA TYGERBERG HOSPITAL)
1121,MUTUAL STATION,RICHWOOD
1122,MUTUAL STATION,BOTHASIG
1123,ROOSENDAL,BELLVILLE
1124,KOEBERG STATION,PARKLANDS
1125,KOEBERG STATION,PARKLANDS
1126,KOEBERG STATION,PARKLANDS
1127,KOEBERG STATION,PARKLANDS
1128,MITCHELLS PLAIN,"CLAREMONT (VIA MERRYDALE, DUINEFONTEIN & PHILLIPPI RING RD)"
1129,MITCHELLS PLAIN,"CLAREMONT (VIA MERRYDALE, LANSDOWNE, JAN SMUTS DR & TURFHALL)"
1130,MITCHELLS PLAIN,"CLAREMONT (VIA ROCKLANDS, WESTGATE MALL, OLD LANSDOWNE, HEINS & TURFHALL)"
1131,NYANGA,PAROW
1132,NYANGA,TYGERBERG STATION (VIA TYGERBERG HOSPITAL)
1133,NYANGA,ELSIES RIVER
1134,MACASSAR,EERSTE RIVIER STASIE
1135,MACASSAR,SOMERSET WEST
1136,MACASSAR,SOMERSET WEST
1137,MELKBOSSTRAND,ATLANTIS
1138,CAPE TOWN,KOEBERG STATION
1139,SANDRIFT,KOEBERG STATION
1140,MONTAGUE GARDENS,KOEBERG STATION
1141,MILNERTON,KOEBERG STATION
1142,CAMBRIDGE,KOEBERG STATION
1143,KOEBERG STATION,TABLEVIEW
1144,CAPE TOWN,MAMRE (VIA KILLARNEY)
1145,MAITLAND,KILLARNEY
1146,TABLEVIEW,YSTERPLAAT
1147,KILLARNEY,MAITLAND
1148,KILLARNEY,MAITLAND
1149,TABLE VIEW,DU NOON
1150,DU NOON,TABLEVIEW
1151,TABLE VIEW,DU NOON
1152,DU NOON,TABLEVIEW
1153,TABLE VIEW,MORNINGSTAR
1154,MORNINGSTAR,TABLEVIEW
1155,CAPE TOWN,TABLEVIEW (VIA SUMMER GREENS & MONTAGUE GARDENS)
1156,KOEBERG STATION,TABLEVIEW
1157,YSTERPLAAT STATION,TABLEVIEW
1158,KOEBERG STATION,TABLEVIEW (VIA N1 & MONTAGUE GARDENS)
1159,KOBERG STATION,TABLEVIEW (VIA RACECOURSE)
1160,KOBERG STATION,TABLEVIEW (VIA LOXTON ROAD)
1161,KOBERG STATION,TABLEVIEW (VIA BOUNDARY ROAD)
1162,KILLARNEY,KOEBERG RAILWAY STATION
1163,KOEBERG STATION,KILLARNEY
1164,CAPE TOWN,KILLARNEY (VIA SUMMER GREENS & MONTAGUE GARDENS)
1165,KOEBERG STATION,KILLARNEY
1166,YSTERPLAAT,KILLARNEY
1167,YSTERPLAAT,KILLARNEY
1168,KOEBEGR STATION,KILLARNEY
1169,KILLARNEY,DU NOON
1170,DE NOON,KILLARNEY
1171,KOBERG STATION,"KILLARNEY (VIA N1, N7 & MONTAGUE GARDENS)"
1172,MORNINGSTAR,KILLARNEY
1173,KOEBERG STATION,DOLPHIN BEACH
1174,SUMMERGREENS,KOEBERG STATION
1175,KILLARNEY,KOEBERG STATION
1176,PAARDEN EILAND,KOEBERG STATION
1177,YSTERPLAAT STATION,KOEBERG STATION
1178,MONTAGUE GARDENS,KOEBERG STATION
1179,MELKBOSSTRAND,KOEBERG STATION
1180,KOBERG STATION,MONTAGUE GARDENS
1181,BOTHASIG,DU NOON
1182,MAITLAND STATION,DU NOON
1183,TABLEVIEW BAYSIDE CENTRE,KOEBERG STATION
1184,TABLEVIEW BAYSIDE CENTRE,KEOBERG STATION
1185,TABLEVIEW BAYSIDE CENTRE,GOODWOOD STATION
1186,MONTAGUE GARDENS,GOODWOOD STATION
1187,KILLARNEY,KHAYELITSHA (VIA MAITLAND & GOODWOOD)
1188,MONTAGUE GARDENS,DU NOON
1189,JOE SLOVO PARK,DU NOON
1190,GOODWOOD,RATANGA JUNCTION
1191,GOODWOOD,RATANGA JUNCTION (VIA SUMMER GREENS & MONTAGUE GARDENS)
1192,MAITLAND,YSTERPLAAT
1193,PARKLANDS,YSTERPLAAT
1194,MONTAGUE GARDENS,YSTERPLAAT
1195,METRO INDUSTRY (PAARDEN EILAND),YSTERPLAAT
1196,KILLARNEY,YSTERPLAAT
1197,CAPE TOWN,DU NOON
1198,SUMMER GREENS,DU NOON
1199,PARKLANDS,DU NOON
1200,KILLARNEY,GUGULETU
1201,DU NOON,BELLVILLE
1202,MONTAGUE GARDENS,CAPE TOWN STATION (VIA SANDRIFT)
1203,CAPE TOWN (STATION DECK),MILNERTON
1204,CAPE TOWN STATION,DU NOON
1205,SUMMERGREENS,CAPE TOWN STATION
1206,CAMBRIDGE,CAPE TOWN STATION
1207,TABLEVIEW,YSTERPLAAT
1208,MONTAGUE GARDENS,YSTERPLAAT
1209,SANDRIFT,YSTERPLAAT
1210,MILNERTON,YSTERPLAAT
1211,CAMBRIDGE,YSTERPLAAT
1212,MONTAGUE GARDENS,YSTERPLAAT (VIA SANDRIFT)
1213,CAPE TOWN,YSTERPLAAT
1214,DU NOON,MAITLAND
1215,KILLARNEY,MAITLAND
1216,MELKBOSSTRAND,CAPE TOWN
1217,MILNERTON,CAPE TOWN
1218,SUMMER GREENS,MAITLAND
1219,SUMMER GREENS,MAITLAND
1220,PARKLANDS,MAITLAND
1221,DU NOON,MAITLAND
1222,MILNERTON RIDGE,MAITLAND
1223,PARKLANDS,MAITLAND
1224,YSTERPLAAT,SUMMER GREENS
1225,SUMMER GREENS,YSTERPLAAT
1226,KOEBERG STATION,MILNERTON
1227,MILNERTON,KOEBERG STATION
1228,YSTERPLAAT,TABLEVIEW
1229,TABLEVIEW,YSTERPLAAT
1230,YSTERPLAAT,METRO
1231,METRO,YSTERPLAAT
1232,TABLEVIEW,YSTERPLAAT
1233,KOEBERG STATION,PARKLANDS
1234,PARKLANDS,KOEBERG STATION
1235,KOEBERG STATION,PARKLANDS
1236,PARKLANDS,KOEBERG STATION
1237,KOEBERG STATION,PARKLANDS
1238,PARKLANDS,KOEBERG STATION
1239,KOEBERG STATION,PARKLANDS
1240,PARKLANDS,KOEBERG STATION
1241,KOEBERG STATION,PARKLANDS
1242,PARKLANDS,KOEBERG STATION
1243,KOEBERG STATION,PARKLANDS
1244,ATLANTIS,CAPE TOWN
1245,PELLA,CAPE TOWN
1246,NYANGA,KILLARNEY
1247,MAITLAND,KOEBERG POWER STATION/MELLKBOS
1248,PELLA,CAPE TOWN
1249,PELLA,MONTAGUE GARDENS
1250,KOEBERG STATION,CAPE TOWN (VIA MELKBOS STRAND)
1251,KOEBERG STATION,MELKBOSSTRAND
1252,KOEBERG,ATLANTIS (VIA TABLE VIEW)
1253,MAMRE,KILLARNEY
1254,YSTERPLAAT,KOEBERG POWER STATION
1255,ATLANTIS,KILLARNEY
1256,KILLARNEY,KOEBERG POWER STATION
1257,TABLE VIEW,MELKBOS STRAND
1258,TABLE VIEW,MELKBOSSTRAND
1259,KILLARNEY,MELKBOSSTRAND
1260,KILLARNEY,MELKBOSSTRAND
1261,KOEBERG RAILWAY STATION,MELKBOSSTRAND
1262,DU NOON,TABLE VIEW - MELKBOSSTRAND
1263,DU NOON,TABLE VIEW - MELKBOSSTRAND
1264,SAMORA MACHEL,MELKBOSSTRAND - KILLARNEY
1265,GUGULETU,KILLARNEY (VIA MELKBOSSTRAND)
1266,GUGULETU,KILLARNEY
1267,SURBURBAN BLISS,KILLARNEY
1268,CAPE TOWN (STATION DECK),KOEBERG POWER STATION
1269,CAPE TOWN (STATION DECK),TABLE VIEW - MELKBOSSTRAND
1270,KHAYELITSHA SITE C,MELKBOS
1271,YSTERPLAAT RAILWAY STATION,KOEBERG POWER STATION
1272,PHILIPPI,KILLARNEY (VIA MELKBOSSTRAND)
1273,YSTERPLAAT,CAPE TOWN (VIA MELKBOSSTRAND)
1274,MFULENI,"KILLARNEY (VIA PLATTEKLOOF, BLAAUWBERG, MELKBOSSTRAND, POTSDAM)"
1275,MFULENI,"KILLARNEY (VIA PLATTEKLOOF, BLAAUWBERG, MELKBOSSTRAND, POTSDAM)"
1276,MAITLAND STATION,3RD STEEN BIG BAY (VIA PAARDEN EILAND)
1277,KILLARNEY,NYANGA
1278,KILLARNEY,KHAYELITSHA (VIA MELKBOSSTRAND)
1279,KOEBERG POWER STATION,MAITLAND
1280,CAPE TOWN,PELLA
1281,MONTAGUE GARDENS,PELLA
1282,MELKBOSSTRAND,KOEBERG STATION (VIA TABLEVIEW)
1283,KILLARNEY,MAMRE
1284,KILLARNEY,WESFLEUR ATLANTIS
1285,KOEBERG POWER STATION,KILLARNEY
1286,MELKBOSSTRAND,TABLEVIEW
1287,MELKBOSSTRAND,TABLEVIEW
1288,MELKBOSSTRAND,KILLARNEY (VIA SANDOWN)
1289,MELKBOSSTRAND,KILLARNEY
1290,MELKBOSSTRAND,DU NOON ( VIA TABLEVIEW)
1291,KILLARNEY,SAMORA MACHEL (VIA MELKBOSSTRAND)
1292,KILLARNEY,GUGULETU (VIA MELKBOSSTRAND)
1293,CAPE TOWN (STATION DECK),MELKBOSSTRAND
1294,MELKBOSSTRAND,CAPE TOWN STATION (VIA TABLEVIEW)
1295,KHAYELITSHA SITE C,BLAAUWBERG
1296,BLAAUWBERG,KHAYELITSHA SITE C
1297,KOEBERG POWER STATION,YSTERPLAAT
1298,KILLARNEY,PHILIPPI
1299,YSTERPLAAT,TABLE VIEW
1300,PAARDEN EILAND,BLAAUWBERG
1301,BLAAUWBERG,PAARDEN EILAND
1302,YSTERPLAAT,TABLE VIEW
1303,MAITLAND,BLOUBERG STRAND
1304,BLOUBERGSTRAND,KOEBERG RAILWAY STATION
1305,KOEBERG STATION,BLOUBERGSTRAND
1306,YSTERPLAAT RAILWAY STATION,TABLEVIEW
1307,YSTERPLAAT,TABLEVIEW
1308,ATLANTIS,MONTAGUE GARDENS
1309,ATLANTIS,CAPE TOWN
1310,ATLANTIS,CAPE TOWN (VIA PAARDEN EILAND)
1311,MAMRE,CAPE TOWN
1312,ATLANTIS,MONTAGUE GARDENS
1313,ATLANTIS,CAPE TOWN (STATION DECK)
1314,ATLANTIS,CAPE TOWN (VIA PAARDEN EILAND)
1315,ATLANTIS(WESFLEUR),CAPE TOWN
1316,ATLANTIS(WESFLEUR),BELLVILLE
1317,TABLE VIEW,ATLANTIS
1318,MAMRE,MONTAGUE GARDENS
1319,WESFLEUR,KILLARNEY
1320,TABLE VIEW,ATLANTIS
1321,ATLANTIS(WESFLEUR),CENTURY CITY(RATANGA)
1322,CAPE TOWN,ATLANTIS
1323,CAPE TOWN,PELLA
1324,ATLANTIS,KOEBERG STATION (VIA TABLEVIEW)
1325,MONTAGUE GARDENS,WESFLEUR ATLANTIS
1326,FRANKDALE,KOEBERG STATION
1327,CAPE TOWN,WESFLEUR ATLANTIS
1328,CAPE TOWN,WESFLEUR ATLANTIS (VIA PAARDEN EILAND)
1329,CAPE TOWN,MAMRE
1330,MONTAGUE GARDENS,SAXONSEA ATLANTIS (VIA TABLEVIEW)
1331,CAPE TOWN,SAXONSEA ATLANTIS
1332,CAPE TOWN,SAXONSEA ATLANTIS (VIA PAARDEN EILAND)
1333,CAPE TOWN,WESFLEUR ATLANTIS
1334,ATLANTIS,TABLEVIEW
1335,MONTAGUE GARDENS,MAMRE
1336,CAPE TOWN,VREDENBURG
1337,CAPE TOWN,LAMBERTSBAAI
1338,VREDENBURG,CAPE TOWN
1339,LAMBERTSBAAI,CAPE TOWN
1340,KILLARNEY,WESFLEUR ATLANTIS
1341,ATLANTIS,TABLEVIEW
1342,LAMBERTSBAAI,CAPE TOWN
1343,CAPE TOWN,LAMBERTSBAAI
1344,LAMBERTSBAAI,CAPE TOWN
1345,CAPE TOWN,LAMBERTSBAAI
1346,SALDANHA,CAPE TOWN
1347,CAPE TOWN,SALDANHA
1348,CENTURY CITY,WESFLEUR ATLANTIS
1349,FRANKDALE,CAPE TOWN STATION
1350,KOEBERG POWER STATION,CAPE TOWN STATION
1351,FRANKDALE,YSTERPLAAT
1352,KOEBERG STATION,DU NOON
1353,DU NOON,KOEBERG STATION
1354,KOEBERG STATION,"TABLEVIEW (VIA N1, N7 & PLATTEKLOOF)"
1355,TABLEVIEW,"KOEBERG STATION (VIA PLATTEKLOOF, N7 & N1)"
1356,KOEBERG STATION,GOODWOOD
1357,GOODWOOD,KOEBERG STATION
1358,KOEBERG STATION,GOODWOOD
1359,GOODWOOD,KOEBERG STATION
1360,KOEBERG STATION,MILNERTON
1361,MILNERTON,KOEBERG STATION
1362,KOEBERG STATION,MILNERTON
1363,MILNERTON,KOEBERG STATION
1364,STEENBERG,WESTLAKE - BLUE ROUTE
1365,KHAYELITSHA,KILLARNEY
1366, , 
1367, , 
1368, , 
1369, , 
1370, , 
1371, , 
1372, , 
1373, , 
1374, , 
1375, , 
1376, , 
1377, , 
1378, , 
1379, , 
1380, , 
1381, , 
1382, , 
1383, , 
1384,SURBURBAN BLISS,TYGERBERG STATION
1385,WESBANK,TYGERBERG
1386,WESBANK,TYGERBERG STATION
1387,WESBANK,ELSIES RIVER
1388,WESBANK,CAPE TOWN STATION
1389,SHOPRITE KUILSRIVER,ZEVENWACHT MALL
1390,PHILIPPI,MITCHELL'S PLAIN
1391,PHILIPPI,MITCHELL'S PLAIN
1392,NYANGA,MITCHELL'S PLAIN
1393,NYANGA,MITCHELL'S PLAIN
1394,GUGULETHU,MUTUAL
1395,GUGULETHU,BELLVILLE
1396,GUGULETHU,BELLVILLE
1397,NYANGA,PHILIPPI
1398,SAMORA MACHEL,NYANGA JUNCTION
1399,BELLVILLE,LOWER CROSS ROADS
1400,NYANGA,MITCHELL'S PLAIN
1401,NYANGA,MITCHELL'S PLAIN
1402,NYANGA,MITCHELL'S PLAIN
1403,NYANGA,MITCHELL'S PLAIN
1404,NYANGA,MITCHELL'S PLAIN
1405,NYANGA,MITCHELL'S PLAIN
1406,NYANGA,NYANGA JUNCTION
1407,NYANGA,MITCHELL'S PLAIN
1408,NYANGA,MITCHELL'S PLAIN
1409,MELTON ROSE,ZEVENWACHT MALL
1410,NYANGA,MITCHELL'S PLAIN
1411,NYANGA,MITCHELL'S PLAIN
1412,NYANGA,MITCHELL'S PLAIN
1413,WALLACEDENE,BRACKENFELL
1414,KOEBERG STATION,MONTAGUE GARDENS
1415,MITCHELL'S PLAIN,MITCHELL'S PLAIN
1416,WESTLAKE,WYNBERG (CONSTANTIA)
1417,NYANGA,CENTURY CITY (VIA BOSMANSDAM ROAD)
1418,NYANGA,CENTURY CITY (VIA N1 - SABLE ROAD)
1419,NYANGA,KILLARNEY
1420,PHILIPPI STATION,KILLARNEY
1421,MELTON ROSE,BELLVILLE
1422,VRYGROND,FISH HOEK
1423,VRYGROND,KHAYELITSHA
1424,VRYGROND,MUIZENBERG
1425,TYGERBERG STATION,SURBURBAN BLISS
1426,PHILIPPI,LANGA
1427,LANGA,PHILIPPI
1428,ELSIES RIVER,WESBANK
1429,CAPE TOWN,WESBANK
1430,ZEVENWACHT MALL,SHOPRITE KUILSRIVER
1431,MITCHELL'S PLAIN,PHILIPPI
1432,MITCHELL'S PLAIN,NYANGA (VIA SAMORA MACHEL)
1433,MUTUAL,GUGULETHU
1434,PHILIPPI,NYANGA
1435,NYANGA JUNCTION,SAMORA MACHEL
1436,MITCHELL'S PLAIN,NYANGA
1437,MITCHELL'S PLAIN,NYANGA
1438,ZEVENWACHT MALL,MELTON ROSE
1439,BRACKENFELL,WALLACEDENE
1440,WYNBERG (CONSTANTIA),WESTLAKE
1441,CENTURY CITY (VIA BOSMANSDAM ROAD),NYANGA
1442,CENTURY CITY (VIA N1 - SABLE ROAD),NYANGA
1443,KILLARNEY,NYANGA
1444,KILLARNEY,PHILIPPI STATION
1445,BELLVILLE,MELTON ROSE
1446,FISH HOEK,VRYGROND
1447,MUIZENBERG,VRYGROND
1448,MFULENI,ATHLONE
1449,MFULENI,MOWBRAY
1450,MFULENI,CLAREMONT(VIA WYNBERG)
1451,MFULENI,WYNBERG
1452,MFULENI RANK,EXTENSION 3
1453,MFULENI,LANGA/EPPING
1454,MFULENI,KHAYELITSHA
1455,MFULENI,CAPE TOWN (STATION DECK)
1456,MFULENI,MITCHELLS PLAIN
1457,MFULENI,CAPE TOWN
1458,MFULENI,"CLAREMONT (LANSDOWNE RD, JAN SMUTS DR & TURFHALL RD)"
1459,MFULENI,MELKBOSSTRAND - KILLARNEY
1460,MFULENI,KILLARNEY (VIA MELKBOSSTRAND)
1461,MFULENI,WYNBERG
1462,KILLARNEY,MFULENI (VIA MELKBOSSTRAND & MONTAGUE GARDENS)
1463,KILLARNEY,MFULENI (VIA MELKBOSSTRAND & PLATTEKLOOF)
1464, , 
1465,MFULENI,FISH HOEK
1466,MFULENI,FISH HOEK
